,"REGION_NAME","REGION_ID","MOH_NAME",1,2,3,4,5,6,7,8,9,10,11,12,13,14,15,16,17,18,19,20,21,22,23,24,25,26,27,28,29,30,31,32,33,34,35,36,37,38,39,40,41,42,43,44,45,46,47,48,49,50,51,52,53
259,"ADDACHCHENAI",2,"Addalaiche",0,0,0,0,0,0,0,1,0,0,0,0,0,0,0,0,0,0,0,0,0,0,0,0,0,0,1,0,0,0,0,0,0,0,0,0,0,0,0,0,0,0,0,0,0,1,3,0,1,2,1,1,11
29,"AGALAWATTA",3,"Agalawatta",3,0,1,1,1,0,2,2,1,3,0,1,1,0,0,0,1,1,0,2,4,0,5,10,3,3,8,5,4,2,2,5,0,0,0,0,0,0,0,1,3,2,0,0,2,0,1,3,1,4,4,1,93
45,"AKKARAIPATTU",4,"Akkaraipattu",0,0,0,0,0,0,0,0,0,0,0,0,1,2,0,0,0,0,0,0,0,0,1,1,0,0,0,0,0,1,2,0,0,1,0,0,0,0,1,0,1,5,1,14,38,32,71,21,30,12,8,52,295
183,"AKMEEMANA",5,"Akmeemana",0,2,3,2,2,0,0,0,0,0,1,0,1,0,0,1,1,0,2,1,0,0,2,0,1,0,1,3,3,1,1,0,1,2,0,0,1,1,2,0,2,0,4,1,0,1,0,2,0,0,1,0,46
226,"AKURANA",6,"Akurana",0,0,0,1,0,0,0,0,0,0,0,0,0,1,0,0,2,0,0,1,0,0,2,1,0,3,3,2,4,1,0,2,1,1,1,1,0,1,1,1,6,3,2,0,0,6,3,2,2,2,0,4,60
77,"AKURESSA",7,"Akuressa",0,0,0,2,1,0,0,1,1,1,0,0,0,0,1,0,0,0,3,0,0,1,4,0,0,0,3,1,2,1,0,0,2,2,2,1,1,0,3,2,0,0,0,1,0,1,0,0,2,0,0,0,39
44,"ALAWWA",8,"Alaiyadivembu",0,0,0,1,0,0,1,1,0,0,0,0,0,0,0,0,1,3,0,0,1,0,0,0,0,1,0,1,0,1,2,0,0,0,0,0,1,0,0,0,0,0,0,0,1,1,4,5,4,3,2,5,39
213,"ALAYADIVEMBU",9,"Alawwa",4,3,1,2,3,3,1,2,2,3,2,0,0,2,3,1,2,1,0,2,0,2,7,2,6,10,11,17,8,16,7,4,16,5,2,5,2,8,9,2,0,3,4,1,3,3,5,6,2,5,5,5,218
90,"AMBAGAMUWA",10,"Ambagamuwa",1,5,0,2,0,0,1,1,1,1,0,2,1,0,0,2,1,1,0,4,1,1,1,1,2,8,0,2,3,4,1,0,2,5,1,0,2,0,1,1,1,1,0,0,1,0,2,0,2,0,0,2,68
14,"AMBALANGODA",11,"Ambalangoda",1,3,1,0,0,1,1,0,0,0,1,0,0,1,0,0,0,1,1,1,0,0,4,0,1,0,3,3,0,4,1,0,2,2,2,2,1,0,3,0,2,7,4,14,0,16,7,18,1,6,3,0,118
79,"AMBALANTOTA",12,"Ambalantota",3,0,0,2,0,0,1,1,2,1,0,2,2,9,1,0,4,0,2,1,0,1,0,2,0,0,1,4,1,3,0,1,1,0,1,2,0,0,0,0,1,1,2,4,0,1,0,0,0,0,0,0,57
132,"AMBANGANGA KORALE",13,"Ambanganga",0,0,0,0,1,0,0,0,0,0,0,1,0,0,0,0,0,0,0,0,0,0,0,0,0,0,0,0,0,0,0,0,1,0,0,0,0,0,0,0,2,1,0,2,1,0,1,1,0,2,0,0,13
224,"Ambanpola",14,"Ambanpola",2,0,1,1,1,0,0,1,1,0,0,0,0,1,0,0,0,0,0,0,0,0,0,0,0,0,0,0,0,2,1,0,0,0,0,0,0,1,0,0,1,0,2,0,1,0,0,2,2,0,0,0,20
51,"AMPARA",15,"Ampara",0,3,0,2,0,0,0,0,0,0,0,1,0,0,0,1,0,1,0,1,0,0,2,0,1,4,0,1,1,1,0,1,1,3,0,0,0,1,0,0,0,0,0,0,0,2,0,1,1,1,0,1,31
228,"Anamaduwa",16,"Anamaduwa",1,0,1,2,0,1,0,5,0,1,0,1,1,0,0,1,2,0,0,1,1,1,0,1,1,2,1,1,1,0,0,0,1,0,0,0,0,0,1,0,0,0,0,0,0,3,0,2,1,0,1,3,38
159,"ANGUNUKOLAPELES",17,"Angunakolapalessa",0,3,2,1,0,1,0,0,0,0,0,0,0,0,0,0,0,1,0,0,0,2,2,0,2,1,3,1,0,1,0,1,0,0,1,0,2,0,0,0,0,0,0,0,0,0,2,2,2,7,0,0,37
61,,,"Anuradhapu",0,1,3,0,1,1,1,2,1,0,1,2,0,0,0,0,2,0,2,0,0,1,0,2,1,3,2,0,3,5,3,0,3,1,1,0,2,0,1,0,0,0,1,4,2,0,1,1,0,1,5,2,62
255,"Arachchikattuwa",18,"Arachchikattuwa",1,0,0,6,1,0,1,0,0,3,3,0,0,0,0,0,0,0,0,0,0,0,0,2,1,0,2,3,3,0,0,1,0,0,1,0,1,0,0,0,1,0,2,0,3,0,0,2,0,1,0,1,39
205,"ARANAYAKA",19,"Aranayaka",3,1,1,2,3,0,0,1,0,1,0,0,2,1,0,0,3,0,1,5,5,4,4,6,12,2,3,0,4,6,2,0,6,2,2,0,2,0,3,3,0,0,4,3,8,5,4,2,6,2,9,0,133
47,"ARAYAMPATHY",20,"Arayampathy",0,1,0,0,0,5,0,1,1,1,2,2,1,1,1,3,0,1,1,0,3,0,1,0,1,1,1,1,0,0,0,0,0,0,0,0,0,0,0,0,0,2,0,0,1,0,3,1,0,2,2,0,40
146,"ATTANAGALLA",22,"Attanagalla",8,16,6,15,2,5,10,9,5,4,3,1,4,4,14,2,6,17,16,40,33,36,28,46,20,23,15,21,21,18,4,13,16,2,19,8,15,3,2,10,5,17,2,14,3,13,10,2,9,13,12,13,653
6,"ATHURALIYA",21,"Aturaliya",0,0,2,1,1,1,0,2,0,1,0,0,0,1,3,0,0,1,0,1,1,2,0,4,0,1,0,2,2,0,0,0,0,1,0,0,0,0,0,0,0,2,0,1,1,0,1,0,0,0,5,2,39
144,"AYAGAMA",23,"Ayagama",0,0,0,0,0,0,0,0,0,0,1,0,0,0,0,0,0,0,0,1,2,4,0,3,2,1,1,1,0,2,2,0,3,2,4,1,1,0,1,0,2,1,1,1,0,0,0,0,2,0,0,1,40
253,"Badalkumbura",24,"Badalkumbura",0,0,0,0,1,0,0,0,0,0,1,0,1,0,0,1,0,0,0,1,0,0,0,0,0,0,0,0,0,0,2,1,2,1,0,1,0,0,1,0,0,0,0,1,0,1,1,1,0,1,1,1,20
200,"BADDEGAMA",25,"Baddegama",4,1,1,0,4,0,0,0,0,1,0,0,0,0,1,0,0,4,1,0,2,2,2,2,6,2,3,5,2,0,0,0,0,2,0,0,1,0,0,0,0,0,0,0,0,2,0,1,1,0,1,0,51
280,"Badulla",26,"Badulla",3,2,1,0,3,0,2,5,1,6,1,3,0,0,0,0,0,3,1,0,3,3,3,1,7,1,3,3,1,8,5,2,5,4,4,2,9,6,14,10,10,15,13,19,22,55,19,37,41,47,32,36,471
240,"BALANGODA",27,"Balangoda",5,1,1,6,3,3,3,0,1,1,8,2,6,0,3,0,1,1,0,1,1,1,5,8,11,6,2,8,1,2,3,2,0,0,1,0,2,2,0,1,0,4,2,0,3,3,3,1,1,0,0,0,119
251,"BALAPITIYA",28,"Balapitiya",0,2,2,4,0,3,0,0,3,4,2,0,0,1,1,0,1,2,0,0,0,1,0,1,1,0,0,1,4,2,1,3,3,0,4,2,1,2,2,2,2,1,3,4,1,1,1,5,3,4,4,5,89
204,"BAMBARADENIYA",29,"Bambaradeniya",0,4,0,0,2,0,2,0,0,0,1,0,0,0,0,0,1,0,0,0,1,0,4,0,0,1,1,2,3,4,2,8,2,0,1,0,1,3,0,3,0,1,2,0,3,9,4,3,1,3,2,5,79
194,"Bamunukotuwa",30,"Bamuna",0,1,0,0,1,1,0,2,0,0,0,1,0,1,0,0,0,0,0,0,0,1,2,0,5,1,0,1,5,0,2,2,0,2,0,0,2,1,1,1,0,1,1,2,1,3,0,5,1,0,2,0,49
2,"BANDARAGAMA",31,"Bandaragama",3,0,7,6,9,8,4,0,3,6,3,4,2,4,6,1,1,1,2,2,5,5,8,11,5,6,9,2,8,4,2,1,2,5,2,3,3,2,3,3,2,3,0,0,4,4,6,2,7,6,6,4,205
168,"Bandarawela",32,"Bandarawela",0,0,1,1,0,1,1,1,0,0,0,0,0,3,0,0,0,0,0,1,3,1,2,8,3,3,0,2,0,3,1,0,4,1,1,0,3,1,0,1,0,5,3,1,0,2,2,0,3,1,1,0,64
134,"BATTICALOA",34,"Batticaloa",1,2,1,3,3,3,2,6,9,6,7,18,16,6,5,5,8,6,1,4,4,4,6,4,6,12,9,7,5,3,2,1,3,0,1,0,1,0,0,3,0,2,0,3,3,1,3,8,10,10,9,18,250
232,"BELIATTA",35,"Beliatta",1,0,2,0,0,0,0,0,0,0,0,1,0,1,0,0,0,2,3,0,0,1,4,0,1,3,5,2,1,2,0,3,2,0,0,0,0,0,1,1,3,1,3,2,2,0,4,0,1,0,1,0,53
18,"BERUWALA",37,"Beruwala(North)",14,9,4,5,5,5,0,3,1,8,1,3,3,3,6,0,7,8,2,2,4,33,20,19,8,31,11,21,12,10,7,3,6,6,4,2,1,5,0,0,7,1,7,2,6,1,4,5,5,6,8,2,346
50,"Bibila",38,"Bibile",0,0,1,0,0,0,0,1,0,1,0,0,0,0,0,0,0,0,0,0,0,0,2,0,0,0,0,1,1,0,0,0,0,0,0,0,1,1,0,1,1,2,0,1,2,0,0,3,0,4,0,0,23
199,"Bingiriya",39,"Bingiriya",6,0,2,1,0,0,0,0,0,0,1,0,0,0,0,0,0,0,0,0,0,0,0,0,3,3,0,2,0,1,0,0,1,0,1,0,0,1,1,1,0,4,0,0,2,3,1,0,0,1,1,1,37
3,"BIYAGAMA",40,"Biyagama",7,8,11,6,7,3,5,14,3,5,5,4,2,4,4,1,14,8,4,7,3,17,38,18,0,17,20,7,13,13,16,5,3,14,4,11,6,12,4,12,9,13,13,32,8,13,26,13,8,15,25,9,539
241,,,"Bogawanthalawa",0,0,0,0,0,1,0,0,0,0,0,0,0,0,0,0,1,0,0,0,0,0,0,0,1,1,1,0,0,0,0,0,1,0,0,0,0,0,1,0,0,0,0,0,0,0,0,2,0,0,0,0,9
230,"BOPE-PODDALA",42,"Bope-(Podd",0,2,2,0,1,0,0,0,0,0,0,0,0,1,0,1,0,0,2,1,2,0,2,3,1,2,1,2,4,1,0,0,0,0,0,0,0,2,0,3,0,0,4,0,2,1,0,1,1,2,0,0,44
298,"BORALESGAMUWA",43,"Boralesgamuwa",5,9,16,7,6,2,11,11,7,6,6,12,6,4,11,1,3,7,8,18,23,37,24,14,40,27,31,20,25,9,16,7,9,2,10,3,3,5,10,14,9,24,10,10,25,12,17,11,33,8,24,19,687
265,"BULATHKOHUPITIYA",44,"Bulathkohupitiya",0,0,0,2,0,0,0,0,0,0,1,0,1,0,1,0,2,1,0,1,1,4,0,2,2,4,4,1,2,2,2,4,1,1,2,2,2,0,0,0,0,1,0,4,0,2,4,0,2,1,2,1,62
314,"BULATHSINHALA",45,"Bulathsinhala",1,1,0,1,0,0,1,0,1,0,0,2,0,0,1,1,0,1,1,0,0,1,0,1,1,3,1,1,3,0,0,1,1,1,0,3,0,0,1,0,0,0,0,0,0,0,0,1,1,1,1,0,33
23,"Buttala",46,"Buttala",0,0,0,0,0,1,2,1,0,0,0,0,0,0,0,0,0,0,0,0,0,0,0,1,0,1,0,5,1,2,0,0,3,0,0,2,0,0,1,2,0,0,0,3,4,2,2,0,1,0,1,0,35
262,"CHANKANAI",47,"Chankanai",0,1,0,0,3,0,1,0,0,0,0,1,0,0,2,0,0,0,0,1,0,0,2,1,0,1,1,0,4,1,1,0,0,0,1,0,0,0,0,0,0,1,0,4,3,4,2,1,2,4,2,7,51
37,"CHAVAKACHCHERI",48,"Chavakachcheri",3,9,3,2,6,2,3,3,8,4,3,5,0,2,4,1,5,4,3,9,3,6,1,5,6,4,3,4,3,1,3,2,3,1,2,1,6,2,0,3,4,5,1,9,3,3,5,7,7,9,6,8,205
177,"CHEDDIKULAM",49,"Cheddikulam",0,0,0,0,0,0,0,0,1,0,0,0,0,0,0,0,0,0,0,0,0,1,0,0,0,0,0,0,1,0,0,0,0,0,0,0,0,1,0,1,1,0,2,0,0,0,1,0,1,3,1,0,14
12,"CHENKALADY",50,"Chenkaladi",0,1,1,1,1,0,0,1,0,1,3,2,2,2,0,2,6,0,1,1,1,1,1,3,8,0,2,2,3,3,3,1,0,1,0,0,0,0,1,0,3,2,2,1,0,1,4,5,4,4,2,3,86
153,"Chilaw",51,"Chilaw",11,4,7,7,3,3,0,0,4,0,0,0,0,0,0,0,3,0,1,1,1,4,1,3,4,6,1,6,1,3,2,1,1,0,1,2,1,4,1,0,3,4,4,8,2,5,8,6,6,6,1,8,148
49,"DAMANA",53,"Damana",0,0,0,2,0,1,0,1,0,1,1,0,0,0,0,0,2,0,0,0,0,0,1,0,0,1,0,2,0,1,1,0,1,0,0,0,0,0,0,0,0,0,0,0,0,1,0,0,0,0,0,0,16
180,"DAMBULLA",54,"Dambulla",1,1,1,0,0,0,0,0,0,0,0,0,1,0,0,0,0,0,0,0,0,0,2,2,1,2,1,1,0,0,1,0,0,1,0,0,1,0,1,0,1,0,0,1,1,0,0,0,0,0,2,0,22
284,"Dankotuwa",55,"Dankotuwa",0,1,1,0,0,2,0,1,1,1,1,0,0,1,0,1,1,0,1,0,0,2,0,1,0,2,3,0,1,0,2,1,1,0,5,0,5,2,1,3,4,0,2,2,0,5,3,6,4,6,5,5,83
133,"DEHIYATHAKANDIYA",58,"Dehiattakandiya",0,4,0,1,1,3,1,3,0,0,1,0,1,0,3,1,3,2,1,1,0,2,5,1,1,2,1,2,4,2,2,1,0,3,0,0,0,1,0,3,2,1,1,1,1,1,0,0,1,1,0,0,65
71,"DEHIOVITA",56,"Dehiowita",6,2,0,1,2,3,4,4,4,3,2,2,0,2,2,1,3,3,5,2,3,8,6,27,15,18,12,9,3,9,12,13,15,6,5,4,3,5,3,0,1,0,0,3,6,1,1,0,3,2,0,1,245
173,"DEHIWALA",57,"Dehiwala",93,53,66,49,25,23,17,16,11,8,7,3,2,8,3,7,16,10,24,20,42,75,76,37,53,40,40,36,19,14,12,13,14,8,7,11,8,19,16,12,13,20,18,20,28,29,28,35,22,39,40,23,1328
267,"DERANIYAGALA",60,"Deraniyagala",0,3,2,1,0,0,0,0,1,1,0,0,2,0,1,0,4,1,0,0,3,3,2,4,4,6,3,5,1,6,2,3,2,0,2,1,1,3,1,1,0,0,0,0,1,0,1,0,0,0,0,1,72
289,"DEVINUWARA",61,"Devinuwara",0,1,1,0,1,0,0,0,0,1,0,2,0,0,0,0,0,0,0,0,0,0,1,3,2,0,3,4,7,8,3,3,2,1,2,1,3,1,5,2,5,5,6,5,1,2,3,5,4,5,2,1,101
248,"DICKWELLA",62,"Dikwella",1,0,1,0,2,0,0,0,1,0,0,0,0,0,0,0,0,0,1,0,0,0,1,2,0,1,7,1,2,4,2,1,1,0,0,1,0,1,4,8,3,1,1,3,0,0,0,0,0,2,1,2,55
147,"DIMBULAGALA",63,"Dimbulagal",0,4,1,0,3,2,2,0,2,0,0,0,0,1,0,1,0,0,0,0,0,2,2,3,3,0,4,7,8,6,3,0,4,1,0,1,0,0,2,2,0,4,2,2,2,2,8,2,3,2,1,2,94
222,"WELIVITIYA-DIVITHURA",326,"Divitura/W",2,0,0,1,1,0,0,0,0,0,0,0,0,0,0,0,0,0,0,0,1,1,0,0,3,2,1,4,2,3,2,3,1,0,0,0,1,0,0,0,0,0,0,0,0,0,0,0,0,2,1,1,32
140,,,"Dodamgoda",1,1,2,1,0,3,1,4,1,1,0,2,0,2,0,3,0,4,2,4,3,4,3,10,2,4,2,4,4,0,2,1,0,3,1,0,1,1,2,0,0,0,0,0,2,1,4,1,0,1,4,2,94
89,"DOLUWA",65,"Doluwa",0,0,2,0,0,0,0,0,1,0,0,1,1,0,2,0,0,0,0,1,1,1,0,2,1,3,3,2,1,0,0,2,2,1,0,2,0,3,0,0,1,2,4,0,0,5,3,1,5,4,0,7,64
216,"DOMPE",66,"Dompe",1,9,5,6,2,3,15,0,4,4,0,4,5,1,0,2,2,6,5,1,17,9,12,8,23,17,10,8,10,10,7,1,6,14,9,2,5,7,3,6,6,4,5,13,4,10,3,7,3,2,6,12,334
119,"DIVULAPITIYA",64,"Duvilipitiya",8,6,2,4,8,2,3,4,4,1,1,1,1,2,1,3,4,1,1,0,4,5,3,4,19,12,11,9,10,48,17,21,13,24,21,13,4,8,8,6,10,12,6,9,5,11,3,12,4,8,7,11,415
229,"EHELIYAGODA",68,"Eheliyagoda",1,3,1,1,0,2,1,1,0,2,0,1,0,0,1,1,3,0,0,1,3,1,10,21,19,17,25,12,11,34,9,21,25,9,4,8,8,6,3,10,1,6,7,0,0,5,2,2,4,0,1,4,307
157,"ELAHERA",69,"Elahera",0,0,2,3,2,4,0,0,1,0,0,6,0,0,0,0,0,0,0,0,1,0,0,0,3,2,4,2,1,0,2,1,0,1,2,0,0,0,0,0,0,0,0,0,2,0,1,1,2,0,0,0,43
143,"ELAPATHA",70,"Elapatha",0,0,0,0,0,1,0,0,0,0,0,0,0,0,1,0,0,1,1,2,6,28,3,25,14,7,9,5,7,3,6,11,3,3,8,2,0,2,1,2,0,2,0,2,1,0,1,0,0,1,1,2,161
169,"Ella",71,"Ella",2,2,0,2,0,0,1,0,0,1,0,1,1,0,0,0,0,1,0,1,1,0,0,1,3,0,0,3,0,1,0,2,0,1,0,0,0,0,3,1,0,0,1,0,4,2,1,0,1,1,2,2,42
221,"ELPITIYA",72,"Elpitiya",3,2,7,2,0,1,3,11,2,1,0,2,3,0,1,2,0,0,2,0,0,2,5,3,2,6,0,8,2,4,0,1,1,2,1,1,0,0,0,0,2,0,0,0,0,0,0,0,0,0,0,2,84
264,"EMBILIPITIYA",73,"Embilipitiya",1,0,3,2,1,0,0,2,1,0,4,2,1,2,1,3,1,2,0,1,8,7,7,16,21,10,6,6,5,2,1,1,2,2,1,1,0,2,0,0,6,0,6,5,0,0,7,14,0,13,10,3,189
106,"ERAVUR",74,"Eravoor",0,2,0,0,2,1,2,1,0,3,2,3,6,6,4,2,5,6,9,18,11,13,5,9,14,5,4,2,1,1,0,0,0,1,0,1,1,2,3,1,3,0,1,3,3,9,6,2,8,6,8,9,204
283,,,"Galagedara",0,1,0,0,0,0,2,0,0,0,1,1,0,1,1,0,0,0,0,0,1,3,0,0,0,0,1,3,1,0,1,1,0,0,2,0,0,1,0,1,1,2,2,1,3,2,1,1,0,1,2,0,38
91,,,"Galaha",0,1,0,0,1,1,0,1,0,0,0,0,0,0,0,0,0,0,0,1,1,1,0,1,0,0,0,0,3,1,0,0,0,0,1,0,2,0,0,1,0,0,0,0,0,0,0,6,4,0,3,0,29
268,"GALENBIDUNUWAWE",75,"Galenbindunuwewa",1,0,1,0,1,1,2,0,0,1,1,0,2,0,0,2,2,1,0,0,0,0,0,0,0,5,6,1,0,2,1,1,1,2,2,0,1,2,1,1,1,3,0,4,0,1,1,2,2,1,0,2,58
167,"GALEWELA",76,"Galewela",1,4,0,0,1,1,0,1,0,0,0,0,0,0,0,0,1,0,0,0,0,0,1,7,14,10,5,2,3,2,1,1,1,1,0,0,1,0,0,1,0,0,0,2,0,1,3,2,3,9,3,14,96
107,"Galgamuwa",77,"Galgamuwa",0,2,2,4,2,4,2,1,0,3,2,2,2,2,2,1,1,1,1,0,2,1,4,2,4,10,4,3,3,3,2,0,0,1,2,1,4,2,2,0,0,0,0,3,1,2,5,4,3,0,4,1,107
212,"GALIGAMUWA",78,"Galigamuwa",2,0,1,1,0,1,2,1,0,0,0,2,0,1,0,0,1,2,2,0,3,1,3,8,4,6,5,0,4,3,2,4,3,2,1,0,1,1,2,1,0,2,0,3,2,1,2,2,4,3,1,0,90
15,"GALNEWA",80,"Galnewa",0,1,3,1,0,2,0,1,1,2,0,2,0,1,1,5,4,0,1,0,1,2,5,0,3,1,2,3,0,2,0,0,0,0,0,0,0,0,0,0,0,0,0,0,0,1,0,0,0,3,0,1,49
189,"GAMPAHA",81,"Gampaha",21,24,14,20,13,0,14,10,0,8,5,6,4,5,8,0,4,10,8,2,17,19,15,21,18,21,13,16,3,9,7,4,5,11,6,6,8,6,7,10,14,14,15,8,20,14,14,23,11,16,22,12,581
165,,,"Gampola(Ud",0,0,2,2,4,0,4,1,2,2,6,0,0,3,2,0,1,0,1,0,4,1,5,5,7,7,3,8,4,7,5,0,2,2,2,0,5,4,4,1,4,1,2,2,1,3,6,9,4,7,10,8,163
72,"Ganewatta",82,"Ganewatta",0,1,1,2,1,0,0,0,0,0,1,1,0,0,0,0,0,0,0,0,1,0,2,0,4,1,2,2,2,1,2,4,0,0,0,0,1,2,0,0,2,1,2,1,2,3,0,0,4,0,1,0,47
100,"KANDY FOUR GRAVETS & GANGAWATA KORALE",125,"Gangawatakorale",1,2,0,0,0,0,0,0,1,0,0,1,0,1,0,1,0,0,1,1,0,1,4,3,5,1,4,4,2,10,2,6,0,1,3,4,5,4,1,3,5,9,2,4,2,3,11,9,5,4,6,1,133
56,"Girandurukotte",84,"Girandurukotte",0,2,0,0,0,0,1,0,0,0,0,0,0,0,0,0,0,0,0,0,0,0,0,0,0,0,0,1,0,0,0,0,0,0,0,0,0,0,0,0,0,0,1,1,0,0,0,0,0,1,0,0,7
286,"Giribawa",85,"Giribawa",2,2,0,1,0,2,1,0,0,1,0,0,0,0,1,0,0,0,0,0,0,1,1,0,0,0,0,1,0,0,0,0,1,0,1,0,1,0,0,0,0,0,0,0,1,0,0,0,0,1,0,1,19
174,"GODAKAWELA",86,"Godakawela",3,0,1,0,2,1,0,1,0,0,0,1,0,2,0,0,1,0,1,1,0,4,3,3,14,2,13,5,5,1,3,5,4,4,4,2,1,5,0,3,1,1,1,0,1,4,3,1,4,0,1,4,116
31,"GORAMANKADAWELA",88,"Gomarankadawala",0,0,0,0,0,0,0,0,0,0,0,0,1,0,0,0,0,0,1,0,0,0,0,0,0,0,2,1,0,0,0,0,1,0,0,0,0,0,1,0,0,2,0,0,5,0,0,1,0,2,0,1,18
43,"GONAPINUWALA",87,"Gonapinuwala",0,1,1,0,2,0,0,1,0,0,0,0,0,0,0,0,0,0,0,0,0,0,0,0,0,1,0,0,2,0,0,0,0,1,0,0,0,0,1,0,0,0,0,1,0,1,0,0,0,1,0,0,13
182,"HABARADUWA",89,"Habaraduwa",0,3,1,1,0,0,0,0,1,0,1,0,0,2,0,0,0,0,0,0,0,2,2,0,2,2,0,5,0,5,0,2,0,0,1,0,1,1,0,0,0,1,3,0,0,0,0,1,0,0,1,0,38
192,"HAKMANA",90,"Hakmana",0,0,0,1,0,1,0,0,0,1,0,1,0,0,0,0,0,0,0,0,0,0,0,0,2,0,1,0,2,1,0,1,3,0,0,1,0,1,3,0,0,0,2,4,3,4,1,1,1,0,0,1,36
148,"Haldummulla",91,"Haldummull",2,0,0,1,1,2,0,0,0,0,0,0,1,0,0,0,0,0,0,0,0,2,0,2,2,3,2,3,1,2,0,0,0,0,0,0,2,0,0,2,0,0,1,4,2,1,1,2,2,0,0,2,43
116,"Haliela",92,"Hali-Ela",0,0,0,1,2,0,1,1,0,1,1,0,0,0,0,0,0,1,0,0,3,3,2,1,1,1,0,1,2,2,4,3,0,2,0,1,1,0,2,1,0,1,3,1,4,4,1,12,4,3,8,3,82
80,"HAMBANTOTA",93,"Hambantota",4,0,1,0,3,3,0,0,1,0,0,0,0,0,0,0,0,0,0,1,0,0,0,0,1,0,0,1,0,0,0,1,2,0,0,0,1,0,0,0,0,0,0,0,1,0,0,0,0,0,0,1,21
275,"HANGURANKETHA",94,"Hanguranketha",0,0,0,0,0,0,0,1,1,0,1,0,0,0,0,0,0,0,0,0,0,0,0,0,0,0,1,1,0,1,0,1,0,1,1,0,0,2,0,0,1,1,6,2,0,1,1,0,2,1,1,0,27
278,"HANWELLA",95,"Hanwella",1,0,8,3,1,1,7,4,3,4,3,4,2,7,11,6,28,37,16,10,21,20,12,22,20,14,19,13,20,10,7,8,12,9,3,12,10,5,5,4,1,7,2,2,2,3,15,2,7,6,7,6,462
149,"Haputhale",96,"Haputale",0,2,2,1,1,3,1,1,0,0,0,1,0,0,0,0,0,0,0,0,1,1,2,4,2,2,1,8,1,3,0,0,3,0,1,1,1,1,3,1,1,2,4,2,2,4,3,1,1,1,2,1,72
84,,,"Hasalaka(M",2,3,0,0,0,1,0,0,1,1,1,0,0,0,0,0,0,0,0,0,0,0,1,5,2,1,1,0,3,1,0,0,0,1,2,0,0,0,0,0,1,1,3,1,1,0,0,0,1,0,1,1,36
282,"HATHARALIYADDA",98,"Hataraliyadda",1,1,0,0,0,0,1,1,0,0,2,0,1,0,0,0,3,0,0,0,1,0,0,0,0,1,0,1,0,0,0,0,1,0,2,1,1,0,1,0,0,0,0,1,0,1,1,0,1,1,0,0,24
42,"HIKKADUWA",99,"Hikkaduwa",1,3,2,1,1,0,0,0,0,0,0,0,0,0,1,0,0,1,0,0,0,1,2,0,1,1,4,1,4,6,5,5,1,0,1,0,0,4,1,0,0,0,5,1,1,6,7,3,9,7,2,1,89
190,"HINGURAKGODA",100,"Hingurakgoda",9,8,4,3,4,4,7,1,1,1,0,0,8,4,2,0,2,1,0,0,6,1,2,7,0,4,0,5,2,4,0,0,0,0,0,2,3,0,0,4,1,4,2,2,0,8,0,1,4,2,3,0,126
101,"HOMAGAMA",101,"Homagama",2,20,13,11,2,5,7,7,7,4,9,8,3,0,2,0,2,15,6,11,7,16,24,10,58,1,15,12,13,14,5,8,5,14,1,5,9,3,3,8,10,7,20,10,4,3,17,12,13,5,11,20,497
163,"HORANA",102,"Horana",7,6,8,10,7,10,1,9,2,7,3,0,3,1,3,0,11,1,5,4,8,7,8,11,18,5,15,5,7,1,2,6,5,1,7,0,5,5,1,3,4,1,5,2,4,6,3,2,8,8,2,1,264
102,"HOROWPOTHANA",103,"Horowpatha",0,2,0,3,0,0,1,0,1,0,0,0,0,0,1,0,0,0,0,0,0,2,1,0,1,0,1,0,0,1,0,0,0,0,0,0,0,0,0,1,0,0,0,0,0,0,1,1,4,5,13,8,47
276,"Ibbagamuwa",104,"Ibbagamuwa",0,1,1,0,2,2,1,0,2,2,0,0,0,0,1,0,0,0,0,0,1,3,2,6,5,6,5,2,3,3,2,3,2,2,0,0,2,7,4,2,2,7,4,0,2,4,3,9,2,3,4,2,114
76,"IMADUWA",105,"Imaduwa",0,0,0,0,0,1,0,1,0,0,0,0,0,0,0,0,1,1,0,1,1,0,0,0,1,2,0,1,1,0,0,0,0,1,0,0,0,0,1,0,1,0,2,0,0,0,0,0,0,0,1,0,17
239,"IMBULPE",106,"Imbulpe",1,2,1,1,3,2,1,0,0,0,0,2,2,0,0,0,1,0,1,0,1,4,4,0,3,4,2,1,0,1,2,1,0,1,0,0,2,0,0,0,0,1,0,1,1,1,3,0,0,0,0,0,50
67,,,"Induruwa",2,5,0,4,3,4,0,1,4,3,0,1,0,0,0,0,1,0,1,1,1,0,0,3,3,2,0,3,0,7,0,0,2,0,1,0,0,1,3,0,0,5,0,1,0,2,1,1,5,0,2,6,79
292,"INGIRIYA",107,"Ingiriya",1,2,2,1,0,4,1,2,2,0,0,1,1,3,1,0,0,2,1,1,0,3,2,4,3,3,3,5,4,1,1,9,0,3,2,2,1,1,4,1,1,1,4,0,1,1,1,3,1,1,0,3,94
16,"IPALOGAMA",108,"Ipalogama",0,2,2,0,0,0,0,0,0,0,0,0,0,1,0,0,0,0,0,0,0,1,0,1,1,0,2,1,0,1,0,0,0,0,0,0,0,0,0,0,1,0,0,1,0,0,1,1,1,1,1,1,20
296,"IRAKKAMAM",109,"Irakkamam",0,0,0,0,0,0,0,0,0,0,0,0,1,0,0,0,0,0,0,0,0,0,0,0,0,0,0,0,0,0,0,0,0,0,0,0,0,0,0,0,0,0,0,0,0,0,0,0,0,0,0,0,1
65,"JA-ELA",110,"Ja ela",8,20,6,11,5,0,5,8,8,5,7,3,3,5,4,1,4,4,10,1,7,6,9,5,4,7,6,12,8,21,6,9,5,13,6,17,18,11,20,35,23,19,28,26,44,22,58,31,42,24,37,10,707
4,"KADUWELA",112,"Kaduwela",27,13,14,20,16,3,1,6,4,0,3,2,6,6,0,1,4,8,1,5,4,11,9,7,9,12,12,9,9,7,5,7,8,1,6,5,7,8,4,5,1,8,5,6,5,14,2,5,10,4,13,6,364
104,"KAHATAGASDIGILIYA",113,"Kahatagasd",0,3,0,2,2,0,0,0,0,0,0,1,0,0,0,0,0,0,0,0,0,0,0,0,0,1,2,1,1,0,1,0,0,0,0,0,0,0,0,0,1,0,0,0,0,0,1,0,0,0,0,0,16
175,"KAHAWATHTHA",115,"Kahawaththa",0,1,0,0,1,0,1,0,0,2,0,0,0,1,0,0,1,0,0,0,6,2,1,5,6,4,3,10,3,6,1,3,0,2,3,0,2,0,1,1,0,1,0,2,0,2,0,1,2,1,1,2,78
141,"KALAWANA",116,"Kalawana",0,2,0,1,0,0,0,0,0,0,0,0,0,0,0,0,1,0,1,0,1,0,1,3,6,2,1,0,6,3,0,3,2,1,3,0,0,3,1,1,0,1,1,0,0,0,1,0,0,0,0,0,45
260,,,"Kalmunai",4,0,3,1,0,0,0,0,0,0,6,0,3,1,0,0,0,1,0,0,0,1,1,1,2,3,0,0,0,0,3,0,0,5,0,4,0,2,0,0,1,0,0,0,0,1,0,4,0,1,0,0,48
7,"Kalpitiya",119,"Kalpitiya",0,0,1,1,1,1,0,1,1,3,6,3,1,4,1,0,0,0,0,0,1,4,1,2,4,2,6,4,1,1,12,2,0,9,1,3,0,0,1,0,2,5,0,5,1,5,3,2,10,5,4,0,120
1,"KALUTARA",120,"Kalutara(North)",10,11,0,5,4,7,2,2,4,3,4,3,3,1,0,0,3,4,4,1,3,9,4,9,3,14,10,8,11,12,8,4,5,8,7,4,6,2,4,3,4,4,1,6,7,2,8,3,2,9,5,5,261
238,"KALUWANCHIKUDY",121,"Kaluvanchikudi",2,0,1,2,2,1,5,4,2,3,3,2,3,1,1,1,0,0,0,0,0,0,0,0,0,0,0,1,0,0,0,0,0,1,0,0,0,0,0,1,1,1,3,3,1,4,14,9,11,12,13,3,111
171,"KAMBURUPITIYA",122,"Kamburupitiya",0,3,0,0,0,0,0,1,0,0,0,0,0,1,0,0,0,0,0,0,0,0,0,0,3,1,4,0,1,0,0,2,0,1,0,0,0,1,2,0,1,2,0,0,0,0,2,0,1,0,0,0,26
92,"Kandaketiya",123,"Kandaketiy",0,0,1,1,0,1,0,0,0,1,0,1,0,0,0,0,0,0,0,0,0,0,0,0,0,1,0,0,0,0,0,0,2,1,0,1,0,0,0,0,0,0,0,0,0,1,0,4,0,0,0,1,16
110,"KANDAWALAI",124,"Kandavalai",0,2,0,0,1,1,0,1,0,0,0,0,0,1,0,0,0,0,0,0,0,0,0,0,1,0,0,0,0,2,0,0,0,0,0,0,0,0,0,0,0,0,0,0,1,1,0,0,0,1,2,0,14
294,"KANTHALE",126,"Kantale",1,3,0,0,1,0,0,0,0,0,0,0,2,0,3,0,5,0,2,0,0,2,2,0,1,1,0,0,3,0,0,1,4,0,0,2,1,0,0,0,0,4,1,0,0,1,2,1,0,0,0,0,43
263,"KARAITHIVU",127,"Karaitvu",0,0,0,1,0,0,0,0,0,0,0,0,0,0,0,0,0,0,0,0,0,0,2,0,0,0,0,0,0,0,0,0,0,1,0,0,0,0,0,0,0,0,0,0,0,0,0,0,0,0,0,0,4
223,"KARANDENIYA",128,"Karandeniya",6,2,8,2,0,1,0,0,1,1,0,7,3,0,2,0,0,0,0,1,0,3,0,4,4,0,2,0,8,2,6,2,4,2,0,1,0,2,2,2,0,1,1,0,0,1,0,1,1,1,0,1,85
36,"KARAVEDDY",129,"Karaveddy",5,2,2,0,0,0,1,0,1,0,1,1,1,2,2,0,0,0,0,0,2,2,6,0,13,2,19,9,6,3,1,2,1,1,0,0,0,1,0,3,1,5,1,3,1,2,10,8,6,5,7,2,140
9,"Karuwalagaswewa",130,"Karuwalaga",0,0,0,0,1,1,0,0,0,0,0,0,0,0,0,0,1,1,1,0,0,0,2,1,0,1,0,0,3,0,0,0,0,0,0,1,0,1,0,0,0,0,0,0,0,0,0,0,0,2,0,1,17
105,"KATANA",131,"Katana",3,7,2,2,4,4,2,2,3,1,1,0,0,0,1,0,2,5,4,2,4,6,3,3,4,9,4,10,6,9,7,1,0,2,4,0,13,1,9,9,11,8,7,19,5,26,15,21,18,11,7,0,297
234,"Kataragama",132,"Kataragama",0,0,0,0,0,0,0,1,0,1,1,1,0,0,0,0,0,0,0,0,0,0,4,0,0,0,0,0,1,0,0,0,0,1,0,0,0,0,1,0,0,0,0,0,0,0,0,0,0,0,0,0,11
46,"KATTANKUDY",133,"Kattankudy",0,1,0,1,2,2,0,6,5,2,1,3,4,2,7,3,5,5,1,2,1,3,1,0,3,4,2,0,0,1,1,1,0,0,0,1,0,0,0,1,0,0,0,0,0,1,0,1,0,3,1,10,87
96,"KATUWANA",135,"Katuwana",1,0,0,1,1,0,0,1,0,0,0,0,1,0,0,0,0,1,0,1,0,0,0,1,1,0,4,4,3,1,1,0,1,1,1,0,0,0,2,2,2,0,0,1,0,0,0,1,0,2,3,0,38
279,"KAYTS",136,"Kayts",1,1,0,0,0,1,1,1,1,1,1,0,0,0,0,0,1,0,0,0,0,0,4,1,0,0,1,0,1,2,0,1,0,0,0,0,2,0,2,1,0,0,1,0,1,0,3,1,1,0,1,1,33
103,"KEBITHIGOLLEWA",137,"Kebithigol",0,0,0,0,0,0,0,0,0,0,0,0,0,0,0,0,0,0,0,0,0,0,0,0,0,0,0,0,0,0,0,0,0,0,0,0,0,0,0,0,0,0,0,0,0,0,0,0,0,0,0,0,0
242,"KEGALLE",138,"Kegalle",3,0,0,2,0,1,0,2,3,3,2,1,4,1,0,2,3,0,1,2,6,10,14,4,11,9,8,9,8,10,0,8,8,1,2,1,1,1,3,5,0,5,3,5,8,9,12,7,7,9,3,3,220
246,"KEKIRAWA",139,"Kekirawa(P",0,0,0,2,1,1,0,0,0,0,2,0,0,0,0,2,0,0,1,0,0,0,0,0,2,2,2,2,0,4,0,0,0,1,1,0,0,0,0,2,1,1,0,0,0,3,1,2,1,0,1,2,37
41,"KELANIYA",140,"Kelaniya",1,7,5,5,11,4,1,2,0,2,3,3,0,2,3,0,67,35,26,37,64,115,55,71,56,78,44,22,30,21,29,11,4,13,4,5,7,17,23,24,32,21,13,19,17,26,22,16,21,21,17,30,1162
203,"KILINOCHCHI",141,"Kilinochchi",0,3,1,0,0,3,2,0,1,0,0,1,0,0,2,0,0,0,0,0,0,0,0,0,0,0,2,0,1,0,0,0,0,0,0,0,0,0,0,0,0,0,0,8,0,3,2,1,5,3,0,3,41
256,"KINNIYA",142,"Kinniya",0,0,2,1,1,3,2,1,3,5,7,1,9,6,12,0,8,13,20,7,10,6,4,11,8,5,4,0,0,0,0,1,0,0,0,0,1,0,1,1,0,3,0,2,3,6,8,5,8,4,4,1,197
11,"KIRAN",1,"Kiran",0,0,0,0,0,1,0,0,0,1,5,0,0,1,0,0,0,1,0,0,0,0,0,0,0,0,0,1,1,1,0,0,0,0,0,0,0,0,0,0,0,0,0,0,0,0,1,1,0,0,0,0,14
293,"KIRIELLA",143,"Kiriella",0,0,1,1,2,2,0,0,0,0,0,0,0,0,0,0,2,0,0,0,6,1,6,12,10,9,3,3,9,1,5,1,2,0,3,2,0,0,1,4,1,2,2,1,1,0,0,1,1,0,0,1,96
249,"KIRINDA PUHULWELLA",144,"Kirinda-Puhulwella",0,0,0,1,0,0,0,0,0,0,1,0,0,0,0,0,1,0,0,0,0,0,2,1,1,2,0,2,2,1,1,1,0,2,0,0,0,2,0,1,2,0,0,1,0,2,2,0,1,1,1,0,31
258,"Kobeigane",145,"Kobeigane",0,3,0,0,2,1,0,0,0,1,2,0,1,0,0,0,0,0,0,0,0,0,0,2,4,1,1,0,3,1,2,0,1,2,0,1,1,0,1,0,0,0,1,0,0,1,1,0,1,0,0,0,34
70,"KOLONNAWA",147,"Kollonnawa",37,14,38,23,16,7,10,32,30,33,16,31,2,11,19,1,30,33,41,31,60,118,79,46,89,140,62,127,100,80,28,60,37,15,10,20,19,13,31,15,44,6,18,29,30,39,22,55,47,32,43,41,2010
197,"KOLONNA",146,"Kolonna",1,1,0,0,0,0,1,0,0,2,0,0,0,0,0,0,0,0,0,1,0,0,1,0,1,1,3,0,0,1,0,1,0,1,0,1,1,0,1,0,0,0,0,1,0,3,3,4,3,2,5,0,39
35,"KOPAY",148,"Kopay",5,3,0,2,5,1,6,3,3,6,2,3,1,4,1,2,4,1,1,2,0,2,1,1,0,2,4,3,5,2,4,6,2,3,0,5,2,1,3,3,5,5,8,7,7,11,9,18,18,28,11,19,250
40,"KOTAGALA",150,"Kotagala",1,1,0,0,0,0,0,1,1,0,0,0,0,0,0,0,0,1,2,0,1,1,0,1,1,0,0,0,2,1,1,0,3,0,0,1,0,0,1,0,1,0,0,0,0,1,0,0,1,2,0,0,25
137,"KOTAPOLA",151,"Kotapola",1,0,3,0,0,1,1,1,0,0,0,0,1,0,0,0,0,0,0,0,0,0,0,1,1,3,0,2,0,5,3,1,1,0,2,1,1,0,0,1,1,0,1,0,0,1,0,1,0,4,0,2,40
48,"Kotawehera",152,"Kotavehara",0,1,0,0,1,0,1,0,0,0,1,0,0,0,0,0,0,0,0,0,0,0,1,0,0,2,2,1,1,0,0,0,0,1,0,0,0,2,0,0,1,3,1,1,1,0,0,1,1,2,0,1,26
38,"KOTHMALE",153,"Kothmale",0,2,0,0,0,0,1,0,0,0,0,0,0,0,0,0,1,0,0,0,1,1,2,1,3,2,0,2,2,2,2,0,0,3,0,0,0,1,0,0,1,0,0,3,1,0,0,0,2,0,0,3,36
218,"PITAKOTTE",251,"Kotte",4,3,10,1,4,6,2,5,4,1,2,3,3,0,0,1,5,7,3,1,6,10,11,12,4,4,25,11,2,10,9,6,4,6,6,2,6,6,13,5,11,3,3,19,9,8,13,16,2,11,12,11,341
32,"KUCHCHAVELI",154,"Kuchchaveli",0,0,1,0,0,0,1,0,0,0,0,0,1,0,0,0,0,0,1,0,0,0,0,0,0,0,0,0,0,0,0,0,0,0,0,0,0,1,0,0,0,0,0,0,0,1,0,1,0,0,0,0,7
247,,,"Kuliyapitiya",4,4,1,2,1,0,0,1,1,0,0,0,1,0,0,0,0,0,0,0,0,0,2,0,4,1,2,3,2,0,3,6,3,3,0,0,1,6,1,1,3,2,3,1,5,6,6,2,5,5,1,3,95
277,,,"Kundasale",1,1,1,0,0,0,0,0,0,0,0,3,2,0,0,1,0,0,1,0,0,3,4,0,2,2,0,5,6,1,0,2,3,3,4,2,5,4,3,2,1,5,2,3,2,10,1,1,3,2,3,7,101
307,"KUNDASALE",156,"Kurunduwatta",0,1,1,0,0,1,1,0,0,0,1,0,1,0,3,1,2,1,1,0,4,5,2,8,6,5,1,2,4,2,3,4,3,2,4,1,4,0,3,2,1,6,6,1,2,3,3,6,6,2,3,2,120
207,"Kurunegala",157,"Kurunegala",1,1,4,0,2,2,1,2,1,8,2,5,3,0,3,1,1,1,3,1,1,3,3,6,10,7,7,7,2,1,2,2,5,2,3,2,0,6,4,3,4,4,12,9,2,4,11,13,10,9,15,6,217
271,"KURUWITA",158,"Kuruwita",3,1,3,3,1,1,1,2,1,1,3,0,0,1,3,0,2,2,0,4,9,27,15,37,33,20,14,14,10,7,5,14,5,14,2,6,4,5,6,4,0,2,4,3,5,4,11,1,0,7,0,2,322
85,"LAGGALA-PALLEGAMA",159,"Laggala-(pallegama)",0,0,0,0,1,0,5,0,2,0,2,1,0,0,0,0,0,0,0,0,1,0,0,0,0,0,0,1,0,0,0,0,0,0,0,0,0,0,0,0,0,0,0,0,0,0,0,0,1,1,0,1,16
98,"LAHUGALA",160,"Lahugala",0,0,0,0,0,0,0,0,0,0,0,0,0,0,0,0,0,0,0,0,0,0,0,0,0,0,0,0,0,0,0,0,0,0,0,0,0,0,0,0,0,0,0,0,0,0,0,0,0,0,0,0,0
187,"LANKAPURA",161,"Lankapura",0,1,1,1,1,0,1,0,0,0,0,0,0,0,0,0,0,0,0,0,0,0,0,0,0,0,0,0,1,0,0,1,2,0,0,1,0,1,0,3,0,0,0,1,0,0,0,2,0,2,0,0,19
313,"LINDULA",162,"Lindula(Th",0,0,0,0,0,0,0,0,0,0,0,0,0,0,0,0,0,0,0,0,0,0,2,0,1,0,0,0,1,0,0,0,0,0,0,0,1,0,0,0,0,0,0,1,0,0,0,0,0,3,0,0,9
188,,,"Lunugala",0,2,0,0,0,0,0,1,0,0,0,0,1,0,0,0,0,0,1,0,0,1,2,1,2,0,0,0,1,1,0,0,0,0,0,0,0,1,0,0,0,0,0,0,0,1,0,1,0,0,0,0,16
128,"LUNUGAMVEHERA",164,"Lunugamvehera",2,1,1,0,0,0,0,1,0,0,0,0,0,0,0,0,0,0,0,0,0,0,0,1,0,0,0,0,0,0,1,0,0,1,0,1,1,0,0,0,0,0,1,1,1,0,0,1,1,0,5,0,20
59,"MADHU",165,"Madhu",0,0,0,0,0,0,0,0,0,0,0,0,0,0,0,0,0,0,1,0,0,0,0,0,1,0,0,0,0,0,0,1,0,0,0,0,0,0,0,0,0,0,0,0,0,1,1,0,0,1,0,0,6
139,"MADURAWALA",167,"Madurawala",0,2,0,1,1,3,3,1,1,1,1,1,1,2,1,1,1,0,0,0,2,2,1,3,2,4,1,2,3,1,0,1,0,0,1,0,0,2,2,0,2,2,1,1,3,2,3,1,1,1,3,0,68
54,"MAHAOYA",168,"Maha-Oya",0,0,0,1,1,0,0,0,2,0,0,0,0,0,0,0,2,0,0,0,0,0,0,0,0,0,0,0,0,0,1,0,0,0,0,0,0,0,0,0,0,0,0,0,1,0,0,1,0,0,0,0,9
112,"MAHARA",169,"Mahara",4,9,9,11,7,2,0,6,3,8,5,5,6,5,2,9,11,7,6,11,14,11,8,9,36,33,21,14,12,11,4,3,6,5,16,10,11,5,14,10,13,3,10,5,3,17,17,17,10,13,5,7,499
33,"MAHARAGAMA",170,"Maharagama",5,17,21,14,9,5,8,6,12,2,4,5,3,7,6,3,24,21,20,41,55,35,71,37,35,39,33,15,45,28,13,30,12,12,10,2,8,6,7,11,3,24,4,3,25,19,5,22,29,6,17,12,906
290,"Mahawewa",172,"Mahawewa",0,3,0,1,0,0,0,0,0,0,0,1,0,0,0,0,1,0,0,0,0,0,0,1,2,1,2,2,2,0,3,1,0,2,1,0,0,0,1,0,0,1,0,0,0,1,9,7,5,2,9,8,66
55,"Mahiyanganaya",173,"Mahiyangan",0,0,0,0,0,0,0,0,0,0,0,0,0,0,0,0,1,0,0,0,0,1,1,1,0,0,0,0,0,0,0,0,0,0,1,0,0,1,0,0,0,1,0,0,1,0,1,0,0,1,0,0,10
243,,,"Maho",1,0,0,1,2,1,1,1,0,0,0,0,0,0,0,0,0,0,0,0,1,0,1,3,0,5,3,1,3,1,0,0,2,0,1,0,1,1,1,0,2,0,0,1,0,1,4,1,3,1,2,0,46
5,"MALIMBADA",174,"Malimboda",0,0,0,0,0,0,1,0,0,0,0,0,0,0,0,0,0,0,0,0,0,1,0,1,1,0,1,0,2,1,2,0,0,1,0,4,1,2,1,0,0,0,2,0,1,1,3,0,0,3,0,2,31
312,,,"Mallawapitiya",1,2,1,0,2,0,2,1,1,0,0,2,0,0,0,0,0,0,0,0,1,2,5,8,2,5,2,1,1,6,4,7,1,1,2,2,0,4,0,1,2,1,0,4,4,1,4,5,12,4,3,4,111
301,,,"Manikhinna",1,0,0,0,0,0,0,2,0,0,0,0,0,0,1,0,0,3,0,0,1,1,4,0,4,3,2,2,6,2,0,0,1,2,0,3,0,1,1,1,1,5,3,2,4,2,3,3,9,6,4,5,88
154,"MANNAR TOWN",177,"Mannar",0,0,0,0,0,0,0,1,0,0,0,0,0,0,0,1,0,0,0,0,0,0,2,1,7,7,4,0,4,3,2,1,0,3,3,5,8,12,14,11,12,13,9,15,27,15,37,25,16,18,12,17,305
306,,,"Marawila",0,0,0,0,0,0,0,0,0,0,0,0,0,0,0,0,0,0,0,0,0,0,0,0,0,0,0,0,0,0,0,0,0,0,0,0,0,0,0,0,0,0,0,0,0,0,0,0,0,0,0,0,0
272,"MASKELIYA",180,"Maskeliya",0,1,0,0,0,0,0,0,0,0,0,0,0,0,0,0,0,0,0,1,1,0,0,1,1,0,0,1,0,0,0,0,0,0,1,0,0,0,0,0,0,0,0,1,1,0,0,0,0,0,1,0,10
123,,,"Matale",0,0,2,0,2,0,2,0,1,0,0,0,2,0,1,0,1,0,1,0,0,1,1,0,3,1,2,3,1,7,4,4,1,1,0,0,2,0,0,1,1,0,0,4,6,0,0,2,2,3,1,0,63
125,"MATHURATA",186,"Mathurata",1,0,0,2,0,0,0,0,1,0,1,0,0,1,0,0,0,1,1,0,0,0,0,2,1,3,0,0,0,1,0,1,0,1,0,0,0,0,1,0,0,1,0,1,1,0,0,1,0,1,1,0,24
68,"MATHUGAMA",185,"Matugama",3,0,4,5,1,5,4,5,3,4,1,1,1,0,3,3,5,4,2,1,5,14,9,7,15,3,5,13,6,6,5,3,2,5,2,6,2,1,2,2,2,3,0,1,2,9,1,2,2,3,2,1,196
206,"MAWANELLA",187,"Mawanella",1,6,0,2,1,0,3,1,1,0,1,3,1,2,3,0,4,0,3,2,1,7,6,5,18,7,8,5,7,4,3,5,8,5,3,0,2,1,5,0,9,5,4,10,3,2,15,5,7,3,7,6,210
270,"Mawathagama",188,"Mawathagama",1,1,1,0,2,4,1,1,1,1,1,1,2,2,1,1,0,0,0,1,0,0,0,2,2,5,1,2,1,3,0,1,6,1,2,1,3,5,10,12,16,4,13,7,21,10,8,8,10,10,9,1,196
69,"CMC",52,"MC - Colombo",100,95,87,64,74,55,43,84,40,53,28,36,17,35,36,13,61,36,42,23,91,98,92,128,93,122,80,119,95,72,58,57,40,44,34,49,48,51,53,59,53,58,68,81,79,133,91,128,104,110,125,83,3618
58,,,"MC - Dambulla",1,0,0,1,0,0,1,0,0,0,0,0,0,1,0,0,0,0,0,0,0,0,0,1,0,4,1,1,0,0,1,0,1,0,0,0,0,0,0,0,0,1,0,0,1,0,0,0,1,0,0,0,16
299,"NEGAMBO",213,"MC- Negambo",18,15,7,13,14,14,10,6,9,12,1,10,4,12,12,3,8,11,2,7,14,28,14,11,7,5,3,16,11,6,11,6,13,28,7,8,7,9,20,17,15,27,19,27,58,64,67,56,72,44,66,51,995
162,"GALLE FOUR GRAVETS",79,"MC-Galle",2,6,1,4,1,1,3,0,1,5,7,2,1,0,1,0,0,1,0,1,4,3,3,9,4,8,9,11,6,4,1,3,8,0,0,0,8,0,5,3,4,2,0,15,4,2,3,4,5,0,12,5,182
185,"JAFFNA",111,"MC-Jaffna",5,8,1,14,6,2,4,13,2,4,3,4,1,2,5,2,2,2,4,4,0,6,0,6,0,3,0,0,7,3,0,4,8,8,7,6,11,6,4,9,7,6,2,16,7,16,21,32,22,21,33,38,397
99,,,"MC-Kandy",1,3,3,1,1,1,0,1,0,0,0,2,0,0,0,0,1,0,0,0,5,3,6,3,1,2,2,2,4,1,3,7,4,5,6,5,6,5,9,6,11,6,17,7,9,16,39,21,14,8,12,12,271
295,"Kurunegala",157,"MC-Kurunegala",1,0,0,0,2,0,2,1,1,2,2,5,0,1,1,0,0,1,0,0,0,1,1,7,2,2,1,5,6,5,3,0,1,2,2,3,0,3,1,4,2,9,5,9,6,4,6,8,11,6,1,2,137
25,"MATALE",182,"MC-Matale",2,0,0,1,0,2,1,2,0,0,0,3,0,0,3,0,1,0,2,1,1,0,0,0,4,1,2,5,9,2,0,3,4,0,0,5,0,5,0,3,2,6,8,10,6,19,4,20,12,7,4,4,164
288,"MATARA MC",183,"MC-Matara",5,1,0,2,1,1,4,0,0,0,0,0,0,0,2,0,1,1,0,0,0,0,0,1,3,1,7,1,2,3,1,2,5,1,2,7,5,4,3,4,0,8,0,10,0,6,0,7,8,6,1,3,119
124,"NUWARA ELIYA MC",222,"MC-Nuwaraeliya",0,0,0,0,0,0,0,0,0,0,0,0,0,0,0,0,0,0,0,0,0,0,0,0,0,2,0,0,0,0,0,0,0,0,0,0,0,0,0,0,0,0,0,0,0,0,0,0,1,0,1,0,4
315,"RATNAPURA-MC",268,"Medadumbara",0,0,0,1,1,0,0,0,0,0,1,0,0,0,0,0,0,0,2,3,0,5,1,0,6,2,2,2,2,3,0,2,0,1,2,0,6,1,0,2,0,2,0,1,3,2,7,6,0,0,3,0,69
274,"MEDADUMBARA",189,"Medagama",0,0,1,2,0,1,0,0,1,1,3,2,0,2,0,0,0,2,0,0,2,0,0,0,0,0,0,0,2,1,0,0,0,0,0,1,1,0,0,1,0,0,0,0,0,1,3,0,1,1,0,1,30
236,"MEDAWACHCHIYA",190,"Medawachch",0,0,3,2,0,2,1,0,0,0,0,1,1,1,0,1,0,0,0,0,0,0,0,1,1,1,2,1,1,1,1,1,1,0,0,0,0,0,1,1,0,0,1,1,1,3,2,1,0,2,3,1,40
217,"MEDIRIGIRIYA",191,"Medirigiriya",5,6,7,2,3,3,3,2,5,3,5,3,5,4,1,5,8,1,1,0,3,1,4,4,0,8,7,3,4,2,3,1,2,2,1,7,5,1,2,0,5,0,1,1,2,0,6,3,6,4,5,2,167
118,"Meegahakivula",192,"Meegahakiv",2,0,0,0,0,0,0,0,0,1,0,0,1,1,0,0,1,0,0,0,2,0,0,0,0,0,2,0,1,2,1,0,1,0,0,0,0,2,1,0,1,1,2,0,2,0,2,2,0,1,2,1,32
131,"MENIKHINNA",193,"Meerigama",7,7,1,6,4,1,13,1,0,2,4,1,3,4,2,0,5,5,4,15,22,8,6,2,14,26,6,15,11,5,7,15,10,6,1,4,12,10,3,2,4,8,0,5,2,6,15,4,2,8,2,1,327
181,"MIHINTALE",194,"Mihintale",0,1,0,0,0,0,0,2,1,1,0,0,0,0,0,1,1,0,0,0,0,1,0,1,0,2,0,0,0,1,0,0,0,0,1,0,0,0,1,0,0,0,1,2,0,1,0,2,0,1,1,0,22
120,"MINUWANGODA",196,"Minuwangoda",1,6,14,18,17,5,8,0,1,0,0,6,0,1,1,0,8,1,9,5,5,30,9,24,23,23,12,25,17,9,18,11,3,11,14,8,4,6,10,9,10,10,9,22,11,11,19,19,19,13,19,0,534
130,"Monaragala",198,"Monaragala",1,1,1,1,1,0,0,0,1,0,0,0,0,0,0,0,0,0,0,0,0,0,3,0,0,1,1,2,5,2,0,1,2,0,0,0,0,0,1,1,3,0,0,0,3,0,2,1,1,2,0,0,37
254,"MORATUWA",199,"Moratuwa",18,19,39,22,17,18,14,9,8,9,2,3,8,6,9,0,15,9,11,12,41,28,31,62,104,26,58,41,41,41,18,10,18,10,8,6,6,6,10,5,2,8,24,4,12,38,24,15,14,16,19,16,1010
136,,,"Morawaka",0,2,0,1,0,1,0,0,0,0,0,0,0,0,0,0,0,0,0,0,0,0,0,0,1,0,1,2,0,1,1,1,0,2,0,0,0,0,0,0,0,1,0,0,0,2,0,1,1,0,0,0,18
170,"MULATIYANA",200,"Mulatiyana",0,0,0,0,0,0,1,1,0,1,0,0,0,0,0,0,1,1,2,0,1,0,0,1,1,0,0,1,0,0,0,0,0,0,3,0,0,0,1,3,0,1,1,2,1,0,0,1,0,2,2,0,28
231,"MULLAITIVU",201,"Mullativu",2,0,2,1,1,5,0,0,0,1,0,4,3,1,0,0,2,1,1,0,1,1,0,0,2,5,1,2,0,1,0,1,0,1,0,0,1,1,1,0,0,0,0,1,1,2,0,4,3,5,1,1,60
310,"Mundalama",202,"Mundel",0,0,0,0,0,2,0,0,0,0,0,0,0,0,2,2,2,0,1,0,0,1,0,0,0,1,1,7,0,0,0,2,0,0,0,0,0,1,1,0,1,1,1,4,1,1,0,0,0,1,0,2,35
215,"MUSALAI",203,"Musali",0,0,0,0,0,0,0,0,0,0,0,0,0,0,0,0,0,0,0,0,0,0,0,0,0,1,0,0,0,0,0,0,0,0,0,0,0,0,0,0,0,0,2,0,0,0,0,1,1,1,0,0,6
13,"MUTHUR",204,"Mutur",5,6,3,10,2,4,2,3,9,8,7,8,3,6,10,38,10,13,5,3,4,2,0,2,1,1,0,0,1,0,0,0,0,0,0,0,2,1,0,1,0,0,1,1,2,2,2,1,8,3,8,2,200
186,"NALLUR",206,"Nallur",9,4,2,4,2,4,3,0,0,1,0,1,0,3,0,0,1,0,0,0,0,1,0,0,0,1,3,1,2,1,5,3,6,5,4,11,2,6,2,0,3,3,6,4,8,14,8,8,18,8,12,13,192
250,"Narammala",208,"Narammala",2,1,0,0,4,3,1,1,1,3,1,0,0,2,0,0,0,0,1,1,2,0,1,6,6,2,3,6,4,4,6,5,7,3,2,5,7,3,5,7,5,0,1,0,1,1,1,2,0,2,2,2,122
285,"Nattandiya",209,"Nattandiya",5,1,0,1,3,0,3,1,1,0,1,0,2,1,1,0,0,0,0,0,3,1,2,0,1,0,1,1,5,2,2,1,2,0,1,0,2,1,3,0,2,5,1,7,1,2,5,4,3,4,3,3,88
156,"NAULA",210,"Naula",0,2,0,0,0,0,0,0,0,0,1,0,0,0,0,0,0,0,0,0,0,0,1,0,4,0,1,1,2,1,0,0,0,0,0,0,0,0,0,1,0,0,1,1,1,0,1,0,0,3,0,0,21
261,"NAVITHANVELI",211,"Navithanve",0,0,0,0,0,0,0,0,0,1,0,0,0,0,0,0,0,0,0,0,0,0,0,2,0,0,0,0,0,0,0,0,0,0,0,0,0,0,0,0,0,0,0,0,0,0,0,0,1,2,0,1,7
39,,,"Nawalapitiya",3,1,2,3,0,1,2,3,2,0,1,0,1,0,5,0,1,1,3,1,8,13,10,11,20,23,7,9,4,7,10,3,10,13,7,3,3,3,1,6,2,4,1,1,3,1,2,1,2,4,5,0,227
161,,,"Nawalbase(",0,0,0,0,0,0,0,0,0,1,0,0,1,1,0,0,0,0,2,0,0,0,0,4,0,0,0,0,0,0,0,0,0,0,0,0,0,0,0,0,0,0,0,0,0,0,0,0,0,0,0,0,9
87,"NELUWA",214,"Neluwa",0,1,0,0,0,0,0,0,0,0,1,4,0,1,2,0,3,0,5,0,3,1,1,3,1,1,3,2,3,2,0,1,0,1,0,0,0,0,0,0,1,0,0,0,2,1,0,0,1,0,1,1,46
257,"Nikaweratiya",215,"Nikaweratiya",1,0,0,0,3,0,0,0,0,2,0,0,0,0,0,0,0,0,0,0,0,0,0,0,0,1,3,0,0,0,1,1,0,2,0,0,0,0,0,2,1,0,1,0,0,1,1,4,1,0,1,0,26
320,"NINTHAVUR",216,"Nintavur",0,0,0,0,0,2,1,2,0,1,0,0,0,3,0,0,0,0,1,1,0,2,3,0,0,1,3,0,0,0,1,0,0,0,0,0,0,2,1,3,0,1,0,4,2,1,2,4,3,4,1,0,49
142,"NIVITHIGALA",217,"Nivithigala",0,0,0,0,1,0,0,0,0,0,0,0,0,0,0,0,1,0,1,0,4,10,3,17,22,4,0,8,13,0,3,2,1,2,2,0,0,2,0,3,0,0,0,2,0,0,0,4,0,0,1,0,106
63,"NIYAGAMA",218,"Niyagama",2,1,0,2,1,0,0,1,0,0,0,1,1,0,1,0,1,0,0,0,0,0,5,1,0,1,1,2,4,2,1,2,1,0,0,1,0,1,0,0,0,0,1,0,0,0,0,0,0,0,0,1,35
121,"NOCHCHIYAGAMA",219,"Nochchiyag",0,1,0,3,2,0,1,1,3,1,1,0,0,0,0,0,0,1,0,0,2,0,5,3,0,3,1,4,1,0,0,1,0,0,1,1,0,1,1,0,0,0,2,0,0,1,1,1,0,1,2,1,47
164,"NUGEGODA",220,"Nugegoda",3,4,9,6,10,4,5,6,1,3,5,6,3,2,4,1,2,2,5,7,7,8,12,12,13,20,23,14,7,17,9,6,8,10,7,0,2,3,1,9,2,5,14,4,12,12,13,12,18,22,13,11,414
281,"NUWARA ELIYA",221,"Nuwara-Eliya",0,0,0,0,0,0,1,0,0,0,0,0,0,0,0,0,0,1,0,0,0,0,0,1,0,0,0,0,2,0,0,0,0,0,0,0,0,0,0,0,0,0,0,0,0,0,0,0,0,0,0,1,6
82,"OTTAMAVADI",228,"Oddamavadi",0,1,0,1,1,1,1,1,2,0,4,1,0,1,0,1,1,3,2,1,0,0,0,0,0,0,0,0,0,0,0,0,0,0,0,0,0,1,0,0,0,0,0,0,0,1,0,0,0,0,2,0,26
109,"ODDUSUDDAN",225,"oddusuddan",0,0,0,4,0,0,3,1,0,0,0,0,3,0,0,0,1,0,0,0,0,0,0,0,1,0,0,0,0,0,0,0,0,0,0,0,0,0,0,0,0,0,0,1,0,1,1,1,3,0,0,0,20
311,"OKEWELA",226,"Okewela",1,2,0,0,0,1,0,0,0,1,0,0,0,0,1,0,0,0,0,0,0,0,1,1,2,1,0,0,1,0,0,0,0,0,0,0,0,2,1,0,0,2,2,3,0,4,0,0,2,0,0,2,30
303,"OPANAYAKA",227,"Opanayaka",0,0,0,0,1,0,1,0,2,0,0,1,0,0,1,0,1,0,0,1,1,1,3,1,3,0,2,0,3,2,0,0,0,1,1,1,0,1,0,0,1,1,0,1,0,0,0,0,1,0,0,2,34
21,"PADAVI SRI PURA",229,"Padavi Sripura",0,0,0,0,0,0,0,0,0,0,0,0,0,0,0,0,0,0,0,0,0,0,0,0,0,0,2,0,0,1,1,1,0,0,0,0,0,0,0,0,0,0,0,0,0,0,0,0,0,0,0,3,8
20,"PADAVIYA",230,"Padaviya",0,0,0,0,0,1,0,0,1,0,0,0,0,0,0,0,0,1,0,0,0,0,0,0,0,0,0,0,2,0,0,4,0,0,0,0,0,0,0,0,0,1,0,0,0,0,0,0,1,0,1,0,12
53,"PADDIPALAI",231,"Padiyatalwa",0,0,0,0,0,2,0,0,0,0,0,0,0,0,0,0,0,0,0,0,0,0,0,0,0,0,1,0,0,0,0,0,1,0,0,0,0,0,0,0,0,0,0,0,0,0,0,0,0,0,0,0,4
244,"PADIYATHALAWA",232,"Padukka",0,0,0,0,0,0,1,6,1,2,2,1,0,1,0,1,0,2,3,2,4,4,5,8,9,3,2,6,3,3,3,6,3,2,1,0,4,2,1,2,0,0,0,2,0,1,5,1,3,1,6,2,114
297,"PADUKKA",233,"Palagala",0,1,1,1,0,1,0,0,0,0,1,0,0,0,0,0,0,0,0,0,0,0,0,0,2,1,0,4,2,1,0,0,0,0,0,0,0,0,0,1,0,0,2,2,1,0,0,1,3,4,2,0,31
155,"PALAGALA",234,"Palai",0,0,0,0,0,0,0,0,0,0,0,0,0,1,1,0,0,0,0,0,0,0,0,0,0,0,0,1,0,1,0,1,0,0,0,1,0,3,0,0,0,0,0,1,0,0,1,1,0,1,0,0,13
28,"PALAI",235,"Palinda-Nuwara",0,4,0,0,1,1,2,1,0,0,2,0,0,0,0,0,1,0,1,1,3,3,2,0,2,1,0,5,0,5,0,3,2,3,3,1,0,0,0,0,1,0,0,0,1,1,0,1,0,1,0,1,53
309,"PALINDANUWARA",236,"Pallama",2,0,1,0,2,0,0,0,0,0,0,0,0,0,0,0,0,0,0,0,0,0,2,0,1,0,0,5,3,0,0,0,0,0,0,0,0,0,1,0,1,0,0,2,1,1,1,1,0,1,2,0,27
158,"PALLEPOLA",238,"Pallepola",0,0,0,0,0,0,1,0,2,0,0,0,0,0,0,0,0,0,1,0,0,0,1,0,7,0,1,2,2,1,2,2,2,0,0,0,0,0,0,0,0,0,4,0,0,1,0,3,1,2,1,0,36
0,"PANADURA",239,"Panadura",10,33,14,22,9,11,13,12,16,7,6,6,6,5,7,5,17,3,3,9,11,20,15,28,59,26,41,34,31,34,18,17,14,12,15,13,11,15,14,13,3,24,13,11,17,12,13,18,15,24,10,8,823
126,"Panduwasnuwara",240,"Panduwasnuwara",0,1,2,0,2,0,4,1,0,0,0,0,0,1,0,0,6,0,0,0,1,0,1,1,2,4,2,0,1,4,3,2,1,4,0,0,0,3,1,4,1,4,1,1,3,5,4,7,1,4,1,1,84
88,"Pannala",241,"Pannala",1,2,1,3,3,3,2,1,1,1,2,1,0,2,0,0,2,2,1,0,0,2,5,0,7,8,4,14,8,10,6,3,2,3,2,1,0,3,0,0,4,2,3,0,2,3,4,1,1,0,0,3,129
308,"PANVILA",242,"Panwila",0,0,0,0,0,0,0,0,0,0,0,0,0,0,0,0,0,0,0,0,0,0,0,0,3,0,0,0,0,0,0,0,2,2,0,0,0,0,0,0,1,0,0,0,0,1,0,1,1,0,0,0,11
237,"PASGODA",244,"Pasgoda",2,2,0,2,0,1,1,0,1,0,0,0,0,0,0,0,0,0,1,0,0,0,0,2,1,2,0,0,0,1,0,1,0,1,0,0,2,0,0,1,0,0,1,1,0,0,2,0,0,0,0,0,25
252,"Passara",245,"Passara",0,2,0,0,0,1,0,1,1,1,0,1,1,0,1,0,0,0,0,0,0,4,1,0,1,0,1,1,0,0,1,3,0,0,0,0,1,3,2,1,0,0,2,0,5,0,0,4,0,3,2,1,45
184,"PELMADULLA",248,"Pelmadulla",2,3,1,2,1,0,0,0,0,1,2,0,1,0,5,2,2,0,0,1,8,14,18,30,31,13,10,7,12,11,12,11,4,6,7,12,2,5,2,7,0,6,0,5,3,5,2,0,3,2,1,2,274
172,"PILIYANDALA",249,"Piliyandala",14,24,18,20,7,2,8,26,8,13,2,7,4,1,7,0,39,20,16,9,22,47,29,26,36,37,53,17,25,25,32,18,18,24,10,7,4,11,10,2,2,21,9,20,13,9,17,16,8,12,14,6,845
201,"POINT PEDRO",252,"Point-Pedro",3,1,0,2,1,1,1,2,1,0,1,2,1,2,0,0,1,0,1,0,1,3,3,2,3,5,9,6,5,4,0,5,3,1,0,1,1,2,2,2,1,6,2,4,6,9,8,4,2,6,10,5,141
209,"Polgahawela",253,"Polgahawela",0,3,0,2,1,0,2,0,2,2,2,0,3,1,1,1,0,0,0,0,1,0,4,5,5,3,6,6,1,4,4,6,5,8,5,2,1,2,8,3,8,1,5,2,2,7,4,3,5,2,5,0,143
73,"Polpithigama",254,"Polpithigama",1,0,1,3,0,0,1,3,2,0,0,0,0,0,4,1,1,2,1,1,1,2,1,4,4,6,8,3,4,2,3,0,0,7,1,1,1,0,0,1,0,1,0,0,0,0,4,2,2,1,1,4,85
319,"POOJAPITIYA",255,"Poojapitiya",0,3,0,0,0,0,1,0,0,0,0,0,0,0,0,0,0,1,0,0,0,0,0,0,0,1,0,3,2,4,0,3,1,1,2,0,0,0,1,0,0,2,1,0,2,2,1,3,0,4,2,5,45
317,"POONAKARY",256,"Poonakari",1,2,0,0,0,1,0,1,0,1,0,1,1,0,0,0,1,0,0,0,0,0,0,0,0,0,0,0,0,1,1,1,0,0,0,0,0,0,0,0,0,1,0,0,0,3,1,1,1,1,0,2,22
97,"POTTUVIL",257,"Pothuvil",0,0,0,0,0,0,0,0,1,0,0,0,0,0,0,0,0,0,0,0,0,0,0,0,1,0,0,0,0,0,0,0,0,0,0,0,0,0,0,0,0,0,0,0,0,1,0,0,0,1,0,1,5
225,"MATARA PS",184,"PS-Matara",0,0,0,0,1,1,0,0,0,0,0,0,0,0,0,0,1,0,0,0,3,0,0,1,2,0,0,2,0,0,1,0,0,2,0,1,1,1,1,2,0,1,1,1,0,2,0,3,0,0,0,0,28
111,"PUTHUKKUDIYIRUPPU",258,"Puthukudiyirippu",1,3,1,5,3,0,0,0,0,0,0,1,1,0,0,0,0,0,0,0,2,0,0,1,0,0,0,1,0,0,1,0,1,0,0,0,0,1,1,0,1,0,0,0,2,2,0,1,7,1,3,2,42
8,"Puttalam",259,"Puttalam",0,2,0,5,0,6,2,1,0,3,2,3,3,2,0,0,0,0,2,2,1,0,1,7,2,23,9,10,0,3,0,1,0,4,2,1,0,1,0,5,1,0,0,0,0,1,0,0,4,1,4,6,120
115,"RAGALA",260,"Ragala",1,0,0,1,0,0,0,0,0,0,0,0,0,1,0,0,0,0,0,0,1,0,1,0,1,0,0,0,0,0,0,0,1,0,0,0,0,1,0,0,0,0,0,0,0,0,0,0,0,1,0,0,9
19,"RAGAMA",261,"Ragama",12,9,5,2,7,5,0,5,0,0,0,2,3,3,0,0,5,2,3,0,1,9,4,1,1,4,15,13,2,14,12,3,6,5,5,2,2,2,5,6,0,7,9,10,10,15,3,0,10,9,26,4,278
122,"RAJANGANAYA",262,"Rajanganay",0,0,0,2,0,1,1,0,1,0,0,0,1,0,0,0,3,0,2,0,0,1,1,1,0,0,1,0,1,1,1,0,0,0,0,0,1,0,1,0,0,0,0,0,0,1,0,0,1,1,1,1,25
210,"RAMBEWA",263,"Rambewa",0,1,2,0,0,0,0,1,0,1,0,1,0,0,0,0,0,0,0,0,0,3,0,1,0,0,1,1,0,2,1,0,0,0,0,0,1,0,0,0,1,3,0,0,0,1,0,3,5,0,3,0,32
208,"RAMBUKKANA",264,"Rambukkana",1,3,0,2,1,1,2,1,1,3,1,4,1,4,2,0,1,2,0,1,0,4,4,4,8,2,5,4,10,5,0,2,1,0,6,2,0,2,2,4,2,2,6,7,6,3,2,6,3,2,2,0,137
95,"RATNAPURA",267,"Rathnapura",1,0,4,2,1,0,2,3,0,0,0,0,0,1,1,0,3,3,9,2,14,29,11,37,30,10,7,9,15,2,2,5,9,3,5,1,5,4,3,0,2,4,3,2,3,1,3,1,0,0,1,0,253
26,"RATTOTA",269,"Rattota",2,1,0,3,0,0,0,5,1,1,1,1,0,0,1,0,1,0,0,1,0,0,0,0,1,2,0,0,1,1,0,3,1,0,4,0,0,0,0,1,3,0,1,1,0,2,4,6,2,6,3,0,60
57,"Rideegama",270,"Rideemaliy",0,0,0,0,0,0,1,1,0,1,0,0,1,0,1,1,0,0,0,0,2,2,2,1,1,3,0,0,0,3,0,1,0,1,1,0,1,1,0,0,1,0,1,0,0,0,0,0,0,0,1,0,28
269,"Rideemaliyadda",271,"Ridigama",1,2,2,0,0,3,2,2,1,0,2,2,1,1,0,0,0,1,1,2,1,0,4,4,6,7,5,10,7,8,9,4,12,12,4,3,4,8,4,2,6,3,3,4,0,7,2,7,5,3,2,3,182
145,"RUWANWELLA",272,"Ruwanwella",0,4,3,0,1,4,3,2,1,2,3,1,1,2,0,0,5,3,5,6,14,10,11,12,12,9,7,13,9,10,3,10,6,9,12,7,5,7,1,1,0,5,6,3,3,3,3,3,1,0,3,1,245
318,"SAINTHAMARUTHU",273,"Sainthamaruthu",0,0,0,0,0,1,0,0,0,0,0,0,0,0,0,0,0,0,0,1,1,0,2,0,0,0,1,0,0,0,0,0,0,1,0,0,0,0,0,0,0,0,0,0,0,0,0,0,0,0,1,1,9
300,"SAMMANTHURAI",274,"Sammanthurai",1,0,0,0,0,0,1,0,0,0,0,0,0,0,0,0,1,2,2,0,0,0,3,1,0,1,1,0,0,0,0,0,0,0,0,0,0,0,0,1,0,0,0,0,1,2,1,0,0,1,0,0,19
22,,,"Sampathnuwara",0,0,0,0,0,0,0,0,0,0,0,0,0,0,0,0,0,0,0,0,0,0,0,0,0,0,0,1,0,0,0,0,0,1,0,0,0,0,0,0,1,0,0,0,0,0,0,0,0,0,0,0,3
151,"SANDILIPAY",275,"Sandilipay",8,2,0,5,1,1,2,3,3,2,4,0,1,1,1,0,1,0,0,0,1,0,1,0,2,3,1,2,4,1,1,0,1,4,0,1,0,1,2,1,3,5,1,2,8,6,3,9,8,21,7,5,139
66,"SEEDUWA",276,"Seeduwa",1,7,1,10,0,2,2,4,1,2,0,0,3,2,2,1,1,4,0,0,5,11,22,14,14,33,18,29,17,22,9,4,5,11,6,4,11,6,15,11,10,15,9,11,9,7,9,6,27,10,12,7,442
179,"SERUVILA",277,"Seruwila",0,0,0,0,0,0,0,0,0,0,0,0,0,0,0,1,0,0,0,0,0,0,0,1,1,0,0,0,0,0,0,0,0,0,0,0,0,0,0,0,1,0,0,0,0,0,1,0,0,0,1,0,6
291,"Sevanagala",278,"Sevanagala",0,1,1,1,0,1,0,2,0,0,0,2,0,0,0,0,0,0,0,0,0,0,0,1,0,2,0,1,5,1,1,0,1,0,1,1,0,1,0,0,1,0,0,0,0,4,0,0,0,0,1,0,29
129,"Siyambalanduwa",279,"Siyambalanduwa",2,2,1,0,0,4,1,4,0,1,2,1,1,0,1,0,1,0,1,0,1,1,2,4,3,1,1,6,2,2,2,0,0,3,3,1,2,0,0,2,1,0,1,0,3,2,2,0,0,3,1,0,71
127,"SOORIYAWEWA",280,"Sooriyawewa",0,0,0,0,0,0,0,0,0,0,0,0,0,1,0,0,0,0,1,0,0,0,1,0,0,2,0,0,0,0,0,0,0,0,0,0,0,0,1,0,0,0,0,0,0,1,1,0,2,0,0,0,10
113,,,"Talatu-Oya",3,0,0,1,1,0,0,1,2,0,0,1,0,0,1,0,1,0,0,0,1,3,0,0,0,5,1,0,3,2,1,1,3,1,0,3,0,2,0,1,1,1,2,2,6,3,3,3,5,3,1,4,72
235,"Thanamalwila",288,"Tanamalwila",1,0,0,0,0,0,0,0,0,0,0,1,0,0,0,1,0,0,0,0,1,0,1,1,1,3,0,1,0,0,0,0,0,0,1,0,0,0,0,0,0,0,1,1,0,0,1,1,0,0,0,0,16
233,"TANGALLE",282,"Tangalle",0,1,0,0,0,2,1,1,0,1,1,1,1,0,1,0,1,0,0,3,1,4,10,13,10,34,44,45,10,10,1,1,3,0,0,0,2,2,2,1,0,2,4,1,0,1,1,3,2,0,0,3,224
64,"THAWALAMA",289,"Tawalama",2,0,0,0,0,0,0,0,0,0,0,1,0,0,0,0,1,1,0,0,0,2,0,1,0,0,8,0,4,1,0,2,3,0,0,2,1,0,3,0,0,1,0,2,0,1,0,0,0,0,0,3,39
152,"TELLIPALAI",283,"Tellippalai",0,0,0,1,0,1,0,0,1,0,0,0,2,0,0,1,0,1,2,0,0,4,0,0,0,3,4,2,1,4,6,2,1,3,0,0,1,0,0,3,2,2,2,2,4,3,4,1,2,2,3,3,73
60,"THALAWA",284,"Thalawa",0,2,0,2,0,1,0,0,2,2,0,1,0,1,1,0,1,1,0,0,1,1,1,2,0,0,3,0,2,1,2,1,1,0,0,2,1,0,1,0,0,0,0,1,0,4,1,2,1,2,0,4,48
195,"THAMANKADUWA",285,"Thamankadu",0,0,1,1,2,5,1,1,0,0,0,0,3,0,0,0,5,1,0,0,5,1,5,3,1,8,2,4,4,2,1,0,2,1,1,1,0,1,0,2,1,2,0,0,2,3,5,2,4,0,2,2,87
108,"THAMBUTTEGAMA",286,"Thambuttegama",0,0,0,3,4,2,0,2,1,0,0,0,0,0,2,0,3,1,0,0,0,0,0,0,2,0,2,2,3,2,1,1,0,0,0,2,2,0,0,0,0,0,1,2,0,1,3,0,2,1,1,1,47
302,"THAMPALAGAMAM",287,"Thampalakamam",0,0,0,0,1,0,0,0,0,0,0,0,0,1,0,0,0,0,1,0,0,0,0,0,0,3,0,2,2,0,2,1,1,0,0,0,1,0,0,0,0,0,2,0,0,1,0,1,0,1,0,2,22
287,"THIHAGODA",290,"Thihagoda",0,0,1,0,0,0,2,1,0,0,0,0,0,0,0,0,0,0,1,0,1,0,0,1,0,0,0,2,1,1,1,0,0,2,0,1,2,1,2,2,2,2,0,0,0,0,2,2,1,0,0,0,31
17,"THIRAPPANE",291,"Thirappane",0,0,1,0,0,0,0,0,0,0,0,0,0,1,0,0,0,0,0,0,0,0,1,1,1,0,0,0,0,0,0,0,0,0,0,0,0,0,1,0,0,1,0,0,0,0,0,0,2,0,1,1,11
138,"THIRUKKOVIL",292,"Thirukovil",0,0,0,0,0,0,0,0,0,0,0,0,0,0,0,0,0,0,0,0,0,0,0,0,0,1,0,0,0,1,0,0,0,0,0,0,0,0,0,1,0,0,0,0,0,0,0,0,0,1,0,0,4
10,,,"Thunukkai-",0,0,0,0,0,0,0,0,0,0,3,1,0,0,0,0,0,0,0,0,0,0,0,1,0,0,0,0,0,0,1,0,0,0,0,0,0,0,0,0,0,0,0,1,0,1,1,0,0,0,0,0,9
202,"TISSAMAHARAMA",294,"Tissamaharama",0,1,0,3,2,3,1,3,2,1,0,0,2,1,0,0,4,0,1,1,1,8,3,1,11,3,3,2,0,0,1,0,2,2,1,7,0,0,0,0,1,2,1,1,1,1,0,2,4,1,2,3,89
160,"TRINCOMALEE",295,"Trincomalee",0,0,0,1,3,3,1,1,0,8,0,1,3,7,1,1,1,3,1,0,0,0,0,2,0,1,2,2,0,0,1,1,0,0,0,1,0,1,0,1,0,0,0,0,1,1,0,2,2,5,4,5,67
245,"Udubaddawa",298,"Udubaddawa",1,1,0,2,1,0,0,1,0,1,0,0,0,2,0,0,0,0,0,0,0,0,0,3,1,0,0,1,0,0,1,2,1,3,2,0,0,0,3,0,1,1,1,1,0,1,1,2,1,0,0,0,35
93,"UDADUMBARA",296,"Ududumbara",0,1,0,0,0,0,0,0,0,0,0,0,0,0,0,0,0,0,0,0,0,0,0,2,0,0,0,0,0,1,0,1,2,0,0,0,0,0,0,1,0,0,0,0,1,0,0,0,0,0,0,0,9
62,,,"Udugama(Na",1,1,1,1,0,0,0,0,1,1,0,0,2,1,0,0,2,0,0,0,8,0,0,6,2,2,6,1,0,2,5,2,1,0,0,2,0,0,2,1,2,2,0,6,0,0,0,4,0,2,0,2,69
219,"UDUNUWARA",299,"Udunuwara",2,1,2,1,1,2,0,0,0,0,0,0,0,0,1,1,0,0,1,0,6,1,0,1,3,2,0,0,0,1,1,1,4,2,1,1,1,1,2,2,4,1,3,3,8,7,6,3,8,3,4,8,100
94,"UDUVIL",300,"Uduvil",3,5,3,0,1,2,3,0,3,1,0,0,0,0,0,0,0,2,0,0,0,1,1,1,2,1,6,5,2,2,4,2,3,1,0,3,2,0,6,2,8,9,8,11,6,12,7,9,8,10,9,7,171
52,"UHANA",301,"Uhana",0,0,1,4,2,0,0,0,3,0,2,0,0,0,0,0,1,0,0,0,0,1,0,0,0,3,0,0,0,1,1,0,1,0,2,0,0,0,1,0,0,0,1,1,2,2,3,0,1,0,0,0,33
316,"UKUWELA",302,"Ukuwela",0,2,0,3,0,0,1,1,0,1,0,0,0,1,0,0,1,0,0,0,1,1,2,0,2,1,1,1,1,3,0,4,0,1,3,1,0,5,4,1,6,3,6,3,2,2,2,3,2,3,6,3,83
214,"UPPUVELI",303,"Uppuveli",0,1,0,1,0,1,0,0,3,2,0,0,7,1,1,0,1,0,0,3,1,0,0,2,2,0,2,2,3,2,1,0,0,0,0,1,0,0,1,0,0,0,0,2,1,1,2,3,3,3,3,4,60
117,"Uva Paranagama",304,"Uva-Provincial Council",4,1,0,2,2,4,2,2,1,1,1,0,1,1,0,0,1,0,3,1,2,1,0,4,1,2,1,2,1,0,0,2,1,2,1,1,0,3,1,1,1,1,0,1,1,0,1,4,2,2,2,1,69
83,"VAKARAI",305,"Vakarai",0,0,0,0,0,1,0,0,0,1,0,0,2,1,0,0,0,0,0,0,0,1,0,0,0,0,0,0,0,1,0,1,0,0,0,0,0,0,2,0,0,0,0,0,1,1,1,1,0,0,0,0,14
81,"VALAICHENAI",306,"Valaichcheni",1,1,0,0,0,0,0,0,0,0,0,2,2,1,0,0,0,0,1,0,0,0,2,0,1,0,0,2,1,0,0,0,1,1,0,0,0,0,0,1,0,0,0,0,0,1,0,0,0,0,2,1,21
150,"VAVUNATHIVU",307,"Vaunathivu",0,0,0,0,0,0,0,0,0,1,1,0,1,0,0,1,0,0,0,0,0,3,1,2,2,1,1,0,0,0,0,0,0,2,0,1,0,0,0,0,0,0,0,0,0,0,1,1,2,1,0,0,22
273,"VAVUNIYA",308,"Vavuniya",1,1,2,0,1,3,1,4,0,2,0,2,5,4,3,0,2,0,1,0,2,1,7,10,9,3,5,2,7,0,0,2,1,1,0,1,1,0,1,0,1,0,0,2,4,0,3,5,2,3,2,3,110
196,"VAVUNIYA NORTH",309,"Vavuniya(N",0,0,0,0,0,0,2,1,0,0,0,0,1,0,0,0,0,0,0,0,0,0,0,0,0,0,1,0,0,0,0,0,0,0,1,0,0,0,0,0,0,0,0,0,0,0,0,0,0,1,0,0,7
176,"VAVUNIYA SOUTH",310,"Vavuniya(S",0,1,0,0,0,0,0,0,0,3,1,0,0,0,0,0,0,0,0,0,0,1,0,2,2,0,0,0,0,0,0,0,0,0,0,0,0,0,0,0,0,0,0,0,0,0,1,0,0,0,0,0,11
114,,,"Velanai",1,0,0,3,0,0,2,2,0,0,0,0,0,2,2,0,3,2,2,0,0,0,2,0,0,0,1,0,0,0,0,2,0,0,0,0,0,0,0,2,1,3,1,3,0,0,3,3,2,0,3,2,47
135,"VELLAVELI",311,"Vellaveli",1,1,1,2,1,0,1,0,0,0,4,9,4,0,0,0,2,3,0,0,0,0,0,2,2,0,1,1,0,0,0,0,1,0,0,0,0,0,0,0,0,0,0,2,0,1,2,0,4,2,5,4,56
30,"WALALLAWITA",312,"Walallavita",1,1,0,2,3,1,3,2,2,0,2,2,1,1,2,2,2,1,2,1,4,5,6,4,2,3,2,2,2,3,4,2,1,2,1,3,2,1,1,1,0,4,2,1,2,2,2,2,0,1,0,3,101
321,"WALAPANE",313,"Walapone",0,0,1,1,0,0,0,0,0,0,0,0,0,0,0,0,0,0,0,0,0,0,0,1,0,0,1,0,1,0,0,0,1,1,0,0,0,0,0,0,1,1,0,1,0,0,1,0,0,0,1,0,12
191,"WALASMULLA",314,"Walasmulla",1,1,0,3,3,1,2,3,1,0,1,0,0,0,0,0,1,0,0,0,1,5,2,1,1,1,1,4,3,6,1,0,2,0,1,1,0,1,0,0,0,1,3,0,0,1,4,2,2,1,1,3,66
211,"WARAKAPOLA",315,"Warakapola",0,3,1,3,3,0,3,2,0,0,2,2,0,4,2,0,2,1,5,4,5,5,6,5,6,6,5,3,3,4,5,4,3,3,1,3,2,2,2,2,1,4,4,1,2,4,5,4,5,5,7,5,159
75,"Wariyapola",316,"Wariyapola",0,2,1,0,2,1,0,2,0,0,0,0,0,0,0,0,0,0,1,1,1,0,2,1,0,3,1,0,1,3,0,3,2,0,0,0,2,2,2,1,2,0,1,1,0,2,2,2,1,3,3,0,51
24,"WATTALA",317,"Wattala",13,15,7,17,12,16,7,4,2,10,2,4,2,8,1,3,1,9,15,1,9,25,23,19,48,11,28,45,17,40,16,47,12,27,33,10,15,40,37,38,9,10,30,56,8,55,41,45,35,20,34,16,1048
227,,,"Wattegama(",2,1,1,0,1,1,0,1,0,0,0,0,1,0,0,0,0,1,0,0,0,1,1,5,8,0,1,5,4,0,4,3,2,1,2,2,3,0,1,4,3,3,3,9,6,6,6,0,17,3,7,5,124
305,"WEERAKETIYA",318,"Weeraketiya",0,1,0,0,0,0,1,1,0,0,1,0,0,0,0,0,1,0,0,0,0,0,0,0,3,1,2,1,0,0,0,0,1,0,1,0,0,0,0,0,0,0,2,0,0,0,2,0,2,0,0,0,20
74,"Weerambugedara",319,"Weerambugedara",2,0,0,3,0,0,2,1,1,0,0,4,1,0,3,1,3,0,0,0,1,1,0,2,1,5,3,2,3,1,2,1,2,3,1,0,0,1,0,3,0,0,3,5,0,4,1,5,1,0,5,1,78
198,"WELIGAMA",320,"Weligama",0,2,1,0,0,0,0,0,0,1,0,0,0,0,0,0,0,0,0,0,0,0,0,2,1,2,2,2,1,1,1,1,2,1,0,2,2,9,2,1,5,8,4,2,0,1,1,0,1,0,0,1,59
304,"WELIGEPOLA",321,"Weligepola",0,0,2,1,0,3,0,1,0,0,0,1,1,0,1,0,1,0,0,0,3,0,1,1,0,3,2,1,5,0,6,3,1,1,1,0,0,1,1,0,0,4,1,0,2,1,1,1,1,0,1,0,53
34,"Welimada",323,"Welimada",2,0,1,1,1,3,0,0,1,2,0,1,1,0,0,0,1,0,0,1,0,5,3,7,0,0,2,3,2,1,2,2,6,5,4,2,0,2,3,3,3,0,2,0,0,3,1,2,3,1,0,2,84
166,"WELIPITIYA",325,"Welipitiya",1,1,0,2,0,1,2,1,0,0,0,0,0,1,0,0,0,0,0,0,0,0,0,0,2,1,3,1,1,4,0,5,1,0,2,1,1,3,0,2,0,1,0,0,2,1,1,0,0,1,0,0,42
178,"Wellawaya",327,"Wellawaya",1,0,0,0,1,0,0,1,0,0,0,0,0,1,0,0,0,0,0,0,0,0,1,0,0,0,1,2,0,0,0,1,0,1,0,1,0,0,0,1,0,0,0,0,0,0,0,2,0,0,0,0,14
193,"Wennappuwa",328,"Wennappuwa",2,2,6,3,4,1,1,0,2,0,1,0,2,0,1,0,0,0,0,0,2,1,2,0,0,0,0,2,0,5,0,0,1,0,1,0,1,2,0,1,0,1,4,1,11,19,13,12,12,7,7,5,135
86,"WILGAMUWA",329,"Wilgamuwa",2,0,1,0,0,1,0,1,0,0,0,0,1,0,0,0,0,0,0,0,0,2,1,2,1,0,2,2,1,1,0,1,0,0,1,1,0,0,0,0,0,0,0,0,0,0,0,2,1,0,0,0,24
78,"YAKKALAMULLA",330,"Yakkalamulla",2,0,0,0,0,0,0,1,1,1,0,0,1,0,0,0,1,0,2,1,0,0,3,0,2,2,0,2,1,1,0,3,0,0,1,2,0,2,0,0,0,1,1,0,1,0,0,0,0,3,3,1,39
27,"YATAWATTA",331,"Yatawatta",2,1,0,1,0,0,0,2,2,0,0,2,0,0,1,1,0,1,0,0,0,0,0,1,1,0,0,1,0,1,0,2,1,1,1,0,0,1,0,1,1,1,0,0,2,1,0,1,1,1,2,1,35
220,"YATINUWARA",332,"Yatinuwara",0,3,1,3,2,0,1,3,0,1,0,0,1,3,1,0,3,4,1,0,1,2,3,7,5,5,4,6,4,8,4,6,7,6,6,12,8,6,12,6,6,5,5,14,6,21,8,11,10,15,10,15,271
266,"YATIYANTHOTA",333,"Yatiyantot",2,6,1,1,1,1,0,3,2,1,1,0,0,0,0,0,1,5,5,1,5,8,4,10,8,4,7,6,3,7,5,9,5,5,5,0,4,1,1,2,1,2,2,5,1,1,1,1,3,2,1,1,151
